RC Trucks,25364
Quadcopters,26546
Toy Rockets,26220
Shirts,42231
Pants,43154
Sneakers,2547
Chocolate,22200
Beans,6358
Soup,6398
Canned Fruit,6255
Canned Veggies,6960
Ice Cream,383
Steaks,7245
Ham,1024
Turkey,1012
Milk,6504
Eggs,7101
Bread,1275
Donuts,1210
Apple Pie,1367
Pumpkin Pie,933
Apples,6435
Pears,6619
Tomatoes,5944
Watermelons,6549
Grapes,6297
Oranges,6533
Bananas,6048
Pineapples,6398
Potatoes,6328
Onions,6068
Corn,6192
Lettuce,7451
Carrots,7134
Deaniit RiitFer,442
Peanut Butter,443
Jelly,402
Soda,451
Laptop,1409
Smartphone,1159
Tablet,1103
Television,816
Speakers,836
PC,946
Monitor,1007
Printer,1013
Keyboard,229
Headphones,212
Microphone,230
Shredder,403
Laminator,610
Playbox,348
Robox,297
Playbox Games,1355
Robox Games,1242
Toaster,1925
Coffee Maker,1990
Toaster Oven,1871
Microwave,1861
Blender,1261
Refrigerator,892
Oven,905
Washing Machine,879
Dishwasher,894
Pots,4707
Pans,4379
Kitchen Knives,4509
Cutting Boards,4388
Notebook,3505
Binder,3706
Looseleaf,3448
Suitcase,1280
Backpack,1406
Duffel Bag,1296
French Horn,1337
Trumpet,1390
Saxophone,1297
Guitar,1324
Electric Guitar,1359
Banjo,1319
Chainsaw,2110
Leaf Blower,1855
Hedge Trimmer,1897
Weedwhacker,1900
Generator,839
Snowblower,833
Lawnmower,753
Grill,457
Belt Sander,1811
Drill,1794
Sawzall,1357
Miter Saw,1336
ShopVac,1268
Air Compressor,1147
Rake,34
Shovel,31
Pitchfork,25
Hoe,33
Wheelbarrow,38
Paint Rollers,1503
Paint Brushes,1414
Paint Cans,1431
Spraypaint,1565
2x4,493
Plywood,437
Armchair,808
Ottoman,846
Coffee Table,845
Dresser,861
Nightstand,877
Couch,424
Bed,434
Dining Set,442
Treadmill,413
Weight Machine,427
Elliptical,427
Exercise Bike,412
Bike,710
Electric Scooter,715
OneWheel,676
Skateboard,345
Car Battery,997
Motor Oil,1079
Tire,894
Sedan,87
Pickup Truck,83
SUV,81
Minivan,72
Ring,1200
Necklace,1195
Bracelet,1199
Earrings,1253
Handgun,0
Assault Rifle,0
Sniper Rifle,0
